District,Zone,Geographical Region,Development Region,S.no,Const,Candidate Name,Party Name,Gender,Total Votes,Remark
Taplejung,Mechi,Mountain,Eastern,1,1,Surya Man Gurung,Nepali Congress,M,8719,Elected
Taplejung,Mechi,Mountain,Eastern,2,2,Damber Dhoj Tumbahamphe,Communist Party of Nepal (UML),M,8628,Elected
Panchthar,Mechi,Hill,Eastern,3,1,Purna Kumar Serma,Nepali Congress,M,12920,Elected
Panchthar,Mechi,Hill,Eastern,4,2,Damber Singh Sambahamphe,Communist Party of Nepal (UML),M,12402,Elected
Ilam,Mechi,Hill,Eastern,5,1,Jhal Nath Khanal,Communist Party of Nepal (UML),M,17655,Elected
Ilam,Mechi,Hill,Eastern,6,2,Subash Nembang,Communist Party of Nepal (UML),M,17748,Elected
Ilam,Mechi,Hill,Eastern,7,3,Kul Bahadur Gurung,Nepali Congress,M,16286,Elected
Jhapa,Mechi,Terai,Eastern,8,1,Dharma Prasad Ghimire,Communist Party of Nepal (Maoists),M,15276,Elected
Jhapa,Mechi,Terai,Eastern,9,2,Gauri Shankar Khadka,Communist Party of Nepal (Maoists),M,18580,Elected
Jhapa,Mechi,Terai,Eastern,10,3,Purna Prasad Rajbansi,Communist Party of Nepal (Maoists),M,16685,Elected
Jhapa,Mechi,Terai,Eastern,11,4,Dharma Sila Chapagain,Communist Party of Nepal (Maoists),F,19289,Elected
Jhapa,Mechi,Terai,Eastern,12,5,Keshav Kumar Budhathoki,Nepali Congress,M,16466,Elected
Jhapa,Mechi,Terai,Eastern,13,6,Dipak Karki,Communist Party of Nepal (UML),M,14196,Elected
Jhapa,Mechi,Terai,Eastern,14,7,Bishwodip Lingden Limbu,Communist Party of Nepal (Maoists),M,16099,Elected
Sankhuwasabha,Kosi,Mountain,Eastern,15,1,Purna Prasad Rai,Communist Party of Nepal (Maoists),M,12948,Elected
Sankhuwasabha,Kosi,Mountain,Eastern,16,2,Dambar Bahadur Khadka,Communist Party of Nepal (UML),M,10870,Elected
Terhathum,Kosi,Hill,Eastern,17,1,Tulsi Subba,Nepali Congress,M,19113,Elected
Bhojpur,Kosi,Hill,Eastern,18,1,Padam Bahadur Rai,Communist Party of Nepal (Maoists),M,15796,Elected
Bhojpur,Kosi,Hill,Eastern,19,2,Sudan Rai,Communist Party of Nepal (Maoists),M,17578,Elected
Dhankuta,Kosi,Hill,Eastern,20,1,Hem Raj Bhandari,Communist Party of Nepal (Maoists),M,17202,Elected
Dhankuta,Kosi,Hill,Eastern,21,2,Hari Raj Limbu,Communist Party of Nepal (Maoists),M,12299,Elected
Morang,Kosi,Terai,Eastern,22,1,Amod Prasad Updhaya,Nepali Congress,M,11105,Elected
Morang,Kosi,Terai,Eastern,23,2,Lal Bahadur Susling Magar,Communist Party of Nepal (Maoists),M,16567,Elected
Morang,Kosi,Terai,Eastern,24,3,Sabitri Kumar Kafle,Communist Party of Nepal (Maoists),M,15863,Elected
Morang,Kosi,Terai,Eastern,25,4,Rama Nand Mandal,"Madhesi People's Rights Forum, Nepal",M,9894,Elected
Morang,Kosi,Terai,Eastern,26,5,Upendra Yadav,"Madhesi People's Rights Forum, Nepal",M,27508,Elected
Morang,Kosi,Terai,Eastern,27,6,Bhim Raj Chaudhari Rajbansi,"Madhesi People's Rights Forum, Nepal",M,17086,Elected
Morang,Kosi,Terai,Eastern,28,7,Bijaya Kumar Gachchhadar,"Madhesi People's Rights Forum, Nepal",M,18416,Elected
Morang,Kosi,Terai,Eastern,29,8,Gopi Nahadur Sarki (Achhami),Communist Party of Nepal (Maoists),M,14375,Elected
Morang,Kosi,Terai,Eastern,30,9,Narendra Bahadur Dhimal,Communist Party of Nepal (Maoists),M,14930,Elected
Sunsari,Kosi,Terai,Eastern,31,1,Kiran Kumar Rai,Communist Party of Nepal (Maoists),M,18620,Elected
Sunsari,Kosi,Terai,Eastern,32,2,Dharma Raj Niraula,Communist Party of Nepal (UML),M,15636,Elected
Sunsari,Kosi,Terai,Eastern,33,3,Bijaya Kumar Gachchhadar,"Madhesi People's Rights Forum, Nepal",M,23769,Elected
Sunsari,Kosi,Terai,Eastern,34,4,Muga Lal Mahato,"Madhesi People's Rights Forum, Nepal",M,19945,Elected
Sunsari,Kosi,Terai,Eastern,35,5,Upendra Yadav,"Madhesi People's Rights Forum, Nepal",M,23939,Elected
Sunsari,Kosi,Terai,Eastern,36,6,Bhim Prasad Acharya,Communist Party of Nepal (UML),M,15664,Elected
Solukhumbu,Sagarmatha,Mountain,Eastern,37,1,Gopal Kirati,Communist Party of Nepal (Maoists),M,19095,Elected
Khotang,Sagarmatha,Hill,Eastern,38,1,Ram Kumar Rai,Communist Party of Nepal (Maoists),M,16687,Elected
Khotang,Sagarmatha,Hill,Eastern,39,2,Samita Karki,Communist Party of Nepal (Maoists),F,18168,Elected
Okhaldhunga,Sagarmatha,Hill,Eastern,40,1,Keshav Rai,Communist Party of Nepal (Maoists),M,11635,Elected
Okhaldhunga,Sagarmatha,Hill,Eastern,41,2,Bal Krishna Dhungel,Communist Party of Nepal (Maoists),M,11069,Elected
Udayapur,Sagarmatha,Hill,Eastern,42,1,Narayan Khadka,Nepali Congress,M,14468,Elected
Udayapur,Sagarmatha,Hill,Eastern,43,2,Mani Khambu Kirati,Communist Party of Nepal (Maoists),F,13598,Elected
Udayapur,Sagarmatha,Hill,Eastern,44,3,Mohan Bahadur Khatri,Communist Party of Nepal (Maoists),M,14775,Elected
Saptari,Sagarmatha,Terai,Eastern,45,1,Hem Raj Tated,"Madhesi People's Rights Forum, Nepal",M,9879,Elected
Saptari,Sagarmatha,Terai,Eastern,46,2,Jaya Prakash Prasad Gupta,"Madhesi People's Rights Forum, Nepal",M,8515,Elected
Saptari,Sagarmatha,Terai,Eastern,47,3,Mahesh Prasad Yadav,Sadhvawana Party,M,10302,Elected
Saptari,Sagarmatha,Terai,Eastern,48,4,Renu Kumari Yadav,"Madhesi People's Rights Forum, Nepal",F,12681,Elected
Saptari,Sagarmatha,Terai,Eastern,49,5,Sadrul Miya Haq,Independent,M,10603,Elected
Saptari,Sagarmatha,Terai,Eastern,50,6,Mrigendra Kumar Singh Yadav,"Madhesi People's Rights Forum, Nepal",M,14028,Elected
Siraha,Sagarmatha,Terai,Eastern,51,1,Laxman Mahato,"Madhesi People's Rights Forum, Nepal",M,9814,Elected
Siraha,Sagarmatha,Terai,Eastern,52,2,Raj Lal Yadav,"Madhesi People's Rights Forum, Nepal",M,16684,Elected
Siraha,Sagarmatha,Terai,Eastern,53,3,Bijaya Kumar Yadav,"Madhesi People's Rights Forum, Nepal",M,14884,Elected
Siraha,Sagarmatha,Terai,Eastern,54,4,Shatrughan Prasad Singh Koiree,"Madhesi People's Rights Forum, Nepal",M,11779,Elected
Siraha,Sagarmatha,Terai,Eastern,55,5,Mahendra Paswan,Communist Party of Nepal (Maoists),M,12110,Elected
Siraha,Sagarmatha,Terai,Eastern,56,6,Raj Kishwor Yadav,"Madhesi People's Rights Forum, Nepal",M,15551,Elected
Dolakha,Janakpur,Mountain,Central,57,1,Devi Khadka,Communist Party of Nepal (Maoists),F,22182,Elected
Dolakha,Janakpur,Mountain,Central,58,2,Hem Bahadur Shrestha,Communist Party of Nepal (Maoists),M,18793,Elected
Ramechhap,Janakpur,Hill,Central,59,1,Tara Narayan Shrestha,Communist Party of Nepal (Maoists),M,19910,Elected
Ramechhap,Janakpur,Hill,Central,60,2,Dilliman Tamang,Communist Party of Nepal (Maoists),M,31121,Elected
Sindhuli,Janakpur,Hill,Central,61,1,Bisham Lal Adhikari,Communist Party of Nepal (UML),M,12058,Elected
Sindhuli,Janakpur,Hill,Central,62,2,Chandra Prasad Gajurel,Communist Party of Nepal (Maoists),M,18398,Elected
Sindhuli,Janakpur,Hill,Central,63,3,Neer Kumari Kunwar,Communist Party of Nepal (Maoists),F,14944,Elected
Dhanusa,Janakpur,Terai,Central,64,1,Ram Chandra Jha,Communist Party of Nepal (UML),M,12183,Elected
Dhanusa,Janakpur,Terai,Central,65,2,Ram Krishna Yadav,Nepali Congress,M,9825,Elected
Dhanusa,Janakpur,Terai,Central,66,3,Bimalendra Nidhi,Nepali Congress,M,15582,Elected
Dhanusa,Janakpur,Terai,Central,67,4,Sanjay Kumar Shah,"Madhesi People's Rights Forum, Nepal",M,13422,Elected
Dhanusa,Janakpur,Terai,Central,68,5,Ram Baran Yadav,Nepali Congress,M,10392,Elected
Dhanusa,Janakpur,Terai,Central,69,6,Ram Kumari Devi Yadav,Communist Party of Nepal (Maoists),F,11570,Elected
Dhanusa,Janakpur,Terai,Central,70,7,Shatrudhan Mahato,Communist Party of Nepal (UML),M,11620,Elected
Mahottari,Janakpur,Terai,Central,71,1,Gireeraj Mani Pokhrel,Janamorcha Nepal,M,10196,Elected
Mahottari,Janakpur,Terai,Central,72,2,Hari Narayan Yadav,"Madhesi People's Rights Forum, Nepal",M,7457,Elected
Mahottari,Janakpur,Terai,Central,73,3,Ganesh Tiwari Nepali,Tarai Madhes Loktantrik Party,M,11390,Elected
Mahottari,Janakpur,Terai,Central,74,4,RamKumar Sharma,Tarai Madhes Loktantrik Party,M,9564,Elected
Mahottari,Janakpur,Terai,Central,75,5,Kaushal Kumar Raya Yadav,"Madhesi People's Rights Forum, Nepal",M,8609,Elected
Sarlahi,Janakpur,Terai,Central,76,1,Prakesh Pakhrin,Communist Party of Nepal (UML),M,12726,Elected
Sarlahi,Janakpur,Terai,Central,77,2,Muhamad Rijwan Ansari,Communist Party of Nepal (UML),M,9156,Elected
Sarlahi,Janakpur,Terai,Central,78,3,Sumitra Devi Raya Yadav,Tarai Madhes Loktantrik Party,F,11868,Elected
Sarlahi,Janakpur,Terai,Central,79,4,Rajendra Mahato,Sadhvawana Party,M,17073,Elected
Sarlahi,Janakpur,Terai,Central,80,5,Khobhari Raya,Sadhvawana Party,M,13142,Elected
Sarlahi,Janakpur,Terai,Central,81,6,Shiva Pujan Raya Yadav,"Madhesi People's Rights Forum, Nepal",M,15688,Elected
Rasuwa,Bagmati,Mountain,Central,82,1,Prem Bahadur Tamang,Communist Party of Nepal (Maoists),M,11147,Elected
Dhading,Bagmati,Hill,Central,83,1,Puspa Bikram Malla,Communist Party of Nepal (Maoists),M,29555,Elected
Dhading,Bagmati,Hill,Central,84,2,Kalpana Dhamala,Communist Party of Nepal (Maoists),F,20730,Elected
Dhading,Bagmati,Hill,Central,85,3,Shalik Ram Jamarkattel,Communist Party of Nepal (Maoists),M,25075,Elected
Nuwakot,Bagmati,Hill,Central,86,1,Bimala Subedi,Communist Party of Nepal (Maoists),F,20581,Elected
Nuwakot,Bagmati,Hill,Central,87,2,Dr. Ramsharan Mahat,Nepali Congress,M,17442,Elected
Nuwakot,Bagmati,Hill,Central,88,3,Posta Bahadur Bogati,Communist Party of Nepal (Maoists),M,16735,Elected
Kathmandu,Bagmati,Hill,Central,89,1,Prakash Man Singh,Nepali Congress,M,14318,Elected
Kathmandu,Bagmati,Hill,Central,90,2,Jhakku Prasad Subedi,Communist Party of Nepal (Maoists),M,13858,Elected
Kathmandu,Bagmati,Hill,Central,91,3,Chakra Bahadur Thakuri,Nepali Congress,M,12966,Elected
Kathmandu,Bagmati,Hill,Central,92,4,Suprabha Ghimire,Nepali Congress,F,13451,Elected
Kathmandu,Bagmati,Hill,Central,93,5,Narahari Acharya,Nepali Congress,M,13245,Elected
Kathmandu,Bagmati,Hill,Central,94,6,Hit Man Shakya,Communist Party of Nepal (Maoists),M,10768,Elected
Kathmandu,Bagmati,Hill,Central,95,7,Hisila Yami (Bhattarai),Communist Party of Nepal (Maoists),F,12276,Elected
Kathmandu,Bagmati,Hill,Central,96,8,Nabindra Raj Joshi,Nepali Congress,M,11005,Elected
Kathmandu,Bagmati,Hill,Central,97,9,Dhyan Gobinda Ranjit,Nepali Congress,M,12501,Elected
Kathmandu,Bagmati,Hill,Central,98,10,Pushpa Kamal Dahal (Prachanda),Communist Party of Nepal (Maoists),M,23277,Elected
Bhaktapur,Bagmati,Hill,Central,99,1,Narayanman Bijukchhe,Nepal Workers and Peasants Party,M,19972,Elected
Bhaktapur,Bagmati,Hill,Central,100,2,Sunil Prajapati,Nepal Workers and Peasants Party,M,18100,Elected
Lalitpur,Bagmati,Hill,Central,101,1,Barsha Man Pun Magar,Communist Party of Nepal (Maoists),M,15329,Elected
Lalitpur,Bagmati,Hill,Central,102,2,Raj Kaji Maharjan,Communist Party of Nepal (Maoists),M,17088,Elected
Lalitpur,Bagmati,Hill,Central,103,3,Pampha Bhushal,Communist Party of Nepal (Maoists),F,18930,Elected
Kavre,Bagmati,Hill,Central,104,1,Suryaman Dong Tamang,Communist Party of Nepal (Maoists),M,27471,Elected
Kavre,Bagmati,Hill,Central,105,2,Akal Bahadur Thing,Communist Party of Nepal (Maoists),M,18207,Elected
Kavre,Bagmati,Hill,Central,106,3,Krishna Prasad Sapkota,Communist Party of Nepal (UML),M,16594,Elected
Kavre,Bagmati,Hill,Central,107,4,Tej Bahadur Mijar,Communist Party of Nepal (Maoists),M,22076,Elected
Sindhupalchok,Bagmati,Mountain,Central,108,1,Raj Kumar Shrestha,Communist Party of Nepal (Maoists),M,21320,Elected
Sindhupalchok,Bagmati,Mountain,Central,109,2,Agni Prasad Sapkota,Communist Party of Nepal (Maoists),M,30175,Elected
Sindhupalchok,Bagmati,Mountain,Central,110,3,Dawa Tamang,Communist Party of Nepal (Maoists),M,14216,Elected
Makwanpur,Narayani,Hill,Central,111,1,Dil Bahadur Ghising,Communist Party of Nepal (Maoists),M,21027,Elected
Makwanpur,Narayani,Hill,Central,112,2,Prem Bahadur Pulami,Communist Party of Nepal (Maoists),M,16976,Elected
Makwanpur,Narayani,Hill,Central,113,3,Prahlad Lamichhane,Communist Party of Nepal (Maoists),M,18514,Elected
Makwanpur,Narayani,Hill,Central,114,4,Kumari Moktan,Communist Party of Nepal (Maoists),F,14020,Elected
Rautahat,Narayani,Terai,Central,115,1,Baban Singh,Independent,M,9201,Elected
Rautahat,Narayani,Terai,Central,116,2,Mo. Aftab Alam,Nepali Congress,M,16801,Elected
Rautahat,Narayani,Terai,Central,117,3,Prabhu Saha Teli,Communist Party of Nepal (Maoists),M,11625,Elected
Rautahat,Narayani,Terai,Central,118,4,Krishna Prasad Yadav,Nepali Congress,M,9997,Elected
Rautahat,Narayani,Terai,Central,119,5,Govinda Chaudhari,Tarai Madhes Loktantrik Party,M,11732,Elected
Rautahat,Narayani,Terai,Central,120,6,Devendra Prasad Patel,Communist Party of Nepal (Maoists),M,10133,Elected
Bara,Narayani,Terai,Central,121,1,Saroj Kumar Yadav,Sadhvawana Party,M,8182,Elected
Bara,Narayani,Terai,Central,122,2,Sivachandra Prasad Kushwaha,Communist Party of Nepal (Maoists),M,10991,Elected
Bara,Narayani,Terai,Central,123,3,Pramod Prasad Gupta,"Madhesi People's Rights Forum, Nepal",M,16081,Elected
Bara,Narayani,Terai,Central,124,4,Jitendra Prasad Sonar,Tarai Madhes Loktantrik Party,M,9624,Elected
Bara,Narayani,Terai,Central,125,5,Uma Kanta Chaudhari,Nepali Congress,M,15487,Elected
Bara,Narayani,Terai,Central,126,6,Jay Ram Dahal,Communist Party of Nepal (Maoists),M,15109,Elected
Parsa,Narayani,Terai,Central,127,1,Karima Begam,"Madhesi People's Rights Forum, Nepal",F,14614,Elected
Parsa,Narayani,Terai,Central,128,2,Ajay Kumar Dubedi,Nepali Congress,M,9531,Elected
Parsa,Narayani,Terai,Central,129,3,Ajay Kumar Chaurasia,Nepali Congress,M,14650,Elected
Parsa,Narayani,Terai,Central,130,4,Pradhumna Prasad Chauhan,Communist Party of Nepal (UML),M,12590,Elected
Parsa,Narayani,Terai,Central,131,5,Ramesh Rijal,Nepali Congress,M,14687,Elected
Chitawan,Narayani,Terai,Central,132,1,Lalmani Chaudhari,Communist Party of Nepal (UML),M,17971,Elected
Chitawan,Narayani,Terai,Central,133,2,Ram Bahadur Thapa,Communist Party of Nepal (Maoists),M,21409,Elected
Chitawan,Narayani,Terai,Central,134,3,Narayan Prasad Dahal,Communist Party of Nepal (Maoists),M,17804,Elected
Chitawan,Narayani,Terai,Central,135,4,Chitra Bahadur Shrestha,Communist Party of Nepal (Maoists),M,23942,Elected
Chitawan,Narayani,Terai,Central,136,5,Amik Sherchan,Janamorcha Nepal,M,14397,Elected
Gorkha,Gandaki,Hill,Western,137,1,Parbati Thapa Shrestha,Communist Party of Nepal (Maoists),F,40606,Elected
Gorkha,Gandaki,Hill,Western,138,2,Baburam Bhattrai,Communist Party of Nepal (Maoists),M,46272,Elected
Gorkha,Gandaki,Hill,Western,139,3,Amar Bahadur Gurung (Tamu),Communist Party of Nepal (Maoists),M,28969,Elected
Manang,Gandaki,Mountain,Western,140,1,Dev Prasad Gurung,Communist Party of Nepal (Maoists),M,1652,Elected
Lamjung,Gandaki,Hill,Western,141,1,Buddhi Ram Gurung,Communist Party of Nepal (Maoists),M,21044,Elected
Lamjung,Gandaki,Hill,Western,142,2,Prithhivi Subba Gurung,Communist Party of Nepal (UML),M,19583,Elected
Kaski,Gandaki,Hill,Western,143,1,Dev Prasad Gurung,Communist Party of Nepal (Maoists),M,17409,Elected
Kaski,Gandaki,Hill,Western,144,2,Raj Kaji Gurung,Communist Party of Nepal (Maoists),M,14832,Elected
Kaski,Gandaki,Hill,Western,145,3,Rabindra Prasad Adhikari,Communist Party of Nepal (UML),M,13386,Elected
Kaski,Gandaki,Hill,Western,146,4,Durga Kumari B.K,Communist Party of Nepal (Maoists),F,14866,Elected
Tanahu,Gandaki,Hill,Western,147,1,Suresh Kumar Ale Magar,Communist Party of Nepal (Maoists),M,17744,Elected
Tanahu,Gandaki,Hill,Western,148,2,Ram Chandra Poudel,Nepali Congress,M,18970,Elected
Tanahu,Gandaki,Hill,Western,149,3,Kiran Gurung,Communist Party of Nepal (UML),M,14786,Elected
Syangja,Gandaki,Hill,Western,150,1,Hit Kaji Gurung,Communist Party of Nepal (UML),M,18101,Elected
Syangja,Gandaki,Hill,Western,151,2,Gopal Man Shrestha,Nepali Congress,M,17247,Elected
Syangja,Gandaki,Hill,Western,152,3,Mohan Prasad Pandey,Nepali Congress,M,18419,Elected
Gulmi,Lumbini,Hill,Western,153,1,Sudarshan Baral,Communist Party of Nepal (Maoists),M,14165,Elected
Gulmi,Lumbini,Hill,Western,154,2,Pradeep Kumar Gyawli,Communist Party of Nepal (UML),M,23253,Elected
Gulmi,Lumbini,Hill,Western,155,3,Chandra Bahadur Thapa,Communist Party of Nepal (Maoists),M,16581,Elected
Palpa,Lumbini,Hill,Western,156,1,Dal Bahadur Rana,Communist Party of Nepal (UML),M,19185,Elected
Palpa,Lumbini,Hill,Western,157,2,Mrs. Lila Kumari Bagale Somai,Communist Party of Nepal (Maoists),F,12750,Elected
Palpa,Lumbini,Hill,Western,158,3,Kul Prasad Nepal,Communist Party of Nepal (UML),M,12951,Elected
Arghakhanchi,Lumbini,Hill,Western,159,1,Top Bahadur Rayamajhi,Communist Party of Nepal (Maoists),M,19584,Elected
Arghakhanchi,Lumbini,Hill,Western,160,2,Puspa Bhusal,Nepali Congress,F,16992,Elected
Nawalparasi,Lumbini,Terai,Western,161,1,Shashanka Koirala,Nepali Congress,M,17430,Elected
Nawalparasi,Lumbini,Terai,Western,162,2,Mahendra Dhoj G.C,Nepali Congress,M,12166,Elected
Nawalparasi,Lumbini,Terai,Western,163,3,Sita Devi Boudel,Communist Party of Nepal (Maoists),F,13535,Elected
Nawalparasi,Lumbini,Terai,Western,164,4,Chinak Kurmi,Communist Party of Nepal (Maoists),M,10592,Elected
Nawalparasi,Lumbini,Terai,Western,165,5,Ram Bachhan Ahir(Yadhav),"Madhesi People's Rights Forum, Nepal",M,13641,Elected
Nawalparasi,Lumbini,Terai,Western,166,6,Hridayesh Tripathi,Tarai Madhes Loktantrik Party,M,10029,Elected
Rupandehi,Lumbini,Terai,Western,167,1,Ghan Shyam Yadav Ahir,Communist Party of Nepal (Maoists),M,12624,Elected
Rupandehi,Lumbini,Terai,Western,168,2,Om Prakash Yadhav,"Madhesi People's Rights Forum, Nepal",M,10612,Elected
Rupandehi,Lumbini,Terai,Western,169,3,Bal Krishna Khand,Nepali Congress,M,16790,Elected
Rupandehi,Lumbini,Terai,Western,170,4,Bishnu Prasad Paudel,Communist Party of Nepal (UML),M,15880,Elected
Rupandehi,Lumbini,Terai,Western,171,5,Ramnath Dhakal,Communist Party of Nepal (UML),M,11080,Elected
Rupandehi,Lumbini,Terai,Western,172,6,Omprakash Yadav,"Madhesi People's Rights Forum, Nepal",M,12170,Elected
Rupandehi,Lumbini,Terai,Western,173,7,Muhammad Okil Musalman,"Madhesi People's Rights Forum, Nepal",M,8121,Elected
Kapilbastu,Lumbini,Terai,Western,174,1,Deep Kumar Upadhaya (Lamichhane),Nepali Congress,M,12997,Elected
Kapilbastu,Lumbini,Terai,Western,175,2,Dan Bahadur Kurmi,Tarai Madhes Loktantrik Party,M,8434,Elected
Kapilbastu,Lumbini,Terai,Western,176,3,Brijesh Kumar Gupta,Tarai Madhes Loktantrik Party,M,18126,Elected
Kapilbastu,Lumbini,Terai,Western,177,4,Ishwar Dayal Mishra,Tarai Madhes Loktantrik Party,M,10394,Elected
Kapilbastu,Lumbini,Terai,Western,178,5,Abhisek Pratap Shah,"Madhesi People's Rights Forum, Nepal",M,15694,Elected
Mustang,Dhawalagiri,Mountain,Western,179,1,Chandra Bahadur Gurung,Communist Party of Nepal (UML),M,2456,Elected
Myagdi,Dhawalagiri,Hill,Western,180,1,Govinda Paudel,Communist Party of Nepal (Maoists),M,23102,Elected
Baglung,Dhawalagiri,Hill,Western,181,1,Ramjee Prasad Sharma,Communist Party of Nepal (UML),M,15786,Elected
Baglung,Dhawalagiri,Hill,Western,182,2,Chitra Prasad K.C.,Rastriya Janamorcha,M,12594,Elected
Baglung,Dhawalagiri,Hill,Western,183,3,Nara Bahadur Pun,Nepali Congress,M,11582,Elected
Parbat,Dhawalagiri,Hill,Western,184,1,Arjun Prasad Joshi,Nepali Congress,M,13258,Elected
Parbat,Dhawalagiri,Hill,Western,185,2,Gunakhar Basyal,Communist Party of Nepal (Maoists),M,15678,Elected
Rukum,Rapti,Hill,Mid-Western,186,1,Jun Kumari Roka (Oli),Communist Party of Nepal (Maoists),F,31410,Elected
Rukum,Rapti,Hill,Mid-Western,187,2,Janardan Sharma,Communist Party of Nepal (Maoists),M,30270,Elected
Rolpa,Rapti,Hill,Mid-Western,188,1,Jaypuri Gharti,Communist Party of Nepal (Maoists),F,26505,Elected
Rolpa,Rapti,Hill,Mid-Western,189,2,Puspa Kamal Dahal (Prachanda),Communist Party of Nepal (Maoists),M,34220,Elected
Pyuthan,Rapti,Hill,Mid-Western,190,1,Narayan Prasad Adhikari,Communist Party of Nepal (Maoists),M,13096,Elected
Pyuthan,Rapti,Hill,Mid-Western,191,2,Deepak Bahadur K.C.,Communist Party of Nepal (Maoists),M,12857,Elected
Salyan,Rapti,Hill,Mid-Western,192,1,Tek Bahadur Basnet,Communist Party of Nepal (Maoists),M,27421,Elected
Salyan,Rapti,Hill,Mid-Western,193,2,Uma Kant Sharma,Communist Party of Nepal (Maoists),M,17992,Elected
Dang,Rapti,Terai,Mid-Western,194,1,Indra Jit Tharu,Communist Party of Nepal (Maoists),M,18093,Elected
Dang,Rapti,Terai,Mid-Western,195,2,Dama Kumari Sharma,Communist Party of Nepal (Maoists),F,20240,Elected
Dang,Rapti,Terai,Mid-Western,196,3,Krishna Bahadur Mahara,Communist Party of Nepal (Maoists),M,20784,Elected
Dang,Rapti,Terai,Mid-Western,197,4,Shiv Raj Gautam,Communist Party of Nepal (Maoists),M,18854,Elected
Dang,Rapti,Terai,Mid-Western,198,5,Sushma Sharma Ghimire,Communist Party of Nepal (Maoists),F,17062,Elected
Dolpa,Karnali,Mountain,Mid-Western,199,1,Ram Bahadur Bohara,Communist Party of Nepal (Maoists),M,9723,Elected
Mugu,Karnali,Mountain,Mid-Western,200,1,Nav Raj Dhami,Communist Party of Nepal (Maoists),M,10100,Elected
Jumla,Karnali,Mountain,Mid-Western,201,1,Naresh Bhandari,Communist Party of Nepal (Maoists),M,21127,Elected
Kalikot,Karnali,Mountain,Mid-Western,202,1,Khadga Bahadur Bishwakarma,Communist Party of Nepal (Maoists),M,27629,Elected
Humla,Karnali,Mountain,Mid-Western,203,1,Karn Jit Budhathoki,Communist Party of Nepal (Maoists),M,13318,Elected
Jajarkot,Bheri,Hill,Mid-Western,204,1,Kali Bahadur Malla,Communist Party of Nepal (Maoists),M,19009,Elected
Jajarkot,Bheri,Hill,Mid-Western,205,2,Bhakta Bahadur Shah,Communist Party of Nepal (Maoists),M,11938,Elected
Dailekh,Bheri,Hill,Mid-Western,206,1,Ganesh Bahadur Khadka,Nepali Congress,M,16280,Elected
Dailekh,Bheri,Hill,Mid-Western,207,2,Raj Bahadur Budha,Communist Party of Nepal (UML),M,16292,Elected
Surkhet,Bheri,Hill,Mid-Western,208,1,Kamala Sharma,Communist Party of Nepal (UML),F,18804,Elected
Surkhet,Bheri,Hill,Mid-Western,209,2,Yam Lal Kandel,Communist Party of Nepal (UML),M,16297,Elected
Surkhet,Bheri,Hill,Mid-Western,210,3,Nara Bahadur Bista,Communist Party of Nepal (Maoists),M,17429,Elected
Banke,Bheri,Terai,Mid-Western,211,1,Tilak Pariyar,Communist Party of Nepal (Maoists),M,16087,Elected
Banke,Bheri,Terai,Mid-Western,212,2,Mohammad Estiyak Rai,"Madhesi People's Rights Forum, Nepal",M,19396,Elected
Banke,Bheri,Terai,Mid-Western,213,3,Sarbadev Prasad Ojha,"Madhesi People's Rights Forum, Nepal",M,14900,Elected
Banke,Bheri,Terai,Mid-Western,214,4,Purna Kumari Subedi,Communist Party of Nepal (Maoists),F,13884,Elected
Bardiya,Bheri,Terai,Mid-Western,215,1,Sarala Regmi,Communist Party of Nepal (Maoists),F,17955,Elected
Bardiya,Bheri,Terai,Mid-Western,216,2,Bishnu Prasad Chaudhari Tharu,Communist Party of Nepal (Maoists),M,17851,Elected
Bardiya,Bheri,Terai,Mid-Western,217,3,Sant Kumar Tharu,Communist Party of Nepal (Maoists),M,23663,Elected
Bardiya,Bheri,Terai,Mid-Western,218,4,Ramcharan Chaudhari (Tharu),Communist Party of Nepal (Maoists),M,24444,Elected
Bajura,Seti,Mountain,Far-Western,219,1,Dev Raj Joshi,Nepali Congress,M,19271,Elected
Achham,Seti,Hill,Far-Western,220,1,Sher Bahadur Kunwor,Communist Party of Nepal (UML),M,21631,Elected
Achham,Seti,Hill,Far-Western,221,2,Sharad Singh Bhandari,Communist Party of Nepal (Maoists),M,17976,Elected
Bajhang,Seti,Mountain,Far-Western,222,1,Bhanu Bhakta Joshi,Communist Party of Nepal (UML),M,13955,Elected
Bajhang,Seti,Mountain,Far-Western,223,2,Shankar Bahadur Khadka,Communist Party of Nepal (Maoists),M,13895,Elected
Doti,Seti,Hill,Far-Western,224,1,Harka Bahadur Singh,Communist Party of Nepal (UML),M,14506,Elected
Doti,Seti,Hill,Far-Western,225,2,Khem Bahadur Bum,Communist Party of Nepal (Maoists),M,10929,Elected
Kailali,Seti,Terai,Far-Western,226,1,Rupa So.Si. Chaudhari,Communist Party of Nepal (Maoists),F,21780,Elected
Kailali,Seti,Terai,Far-Western,227,2,Bhagat Bahadur Baduwal,Communist Party of Nepal (Maoists),M,21219,Elected
Kailali,Seti,Terai,Far-Western,228,3,Bir Man Chaudhari,Communist Party of Nepal (Maoists),M,19739,Elected
Kailali,Seti,Terai,Far-Western,229,4,Krishna Kumar Chaudhari,Communist Party of Nepal (Maoists),M,27547,Elected
Kailali,Seti,Terai,Far-Western,230,5,Lekh Raj Bhatta,Communist Party of Nepal (Maoists),M,17979,Elected
Kailali,Seti,Terai,Far-Western,231,6,Lila Kumari Bhandari,Communist Party of Nepal (Maoists),F,14826,Elected
Darchaula,Mahakali,Mountain,Far-Western,232,1,Laxman Dutta Joshi,Communist Party of Nepal (Maoists),M,25404,Elected
Baitadi,Mahakali,Hill,Far-Western,233,1,Narendra Bahadur Kunwor,Communist Party of Nepal (Maoists),M,27130,Elected
Baitadi,Mahakali,Hill,Far-Western,234,2,Renu Chand (Bhatt),Communist Party of Nepal (Maoists),F,20021,Elected
Dadeldhura,Mahakali,Hill,Far-Western,235,1,Sher Bahadur Deuba,Nepali Congress,M,20529,Elected
Kanchanpur,Mahakali,Terai,Far-Western,236,1,Puran Rana Tharu,Communist Party of Nepal (Maoists),M,14765,Elected
Kanchanpur,Mahakali,Terai,Far-Western,237,2,Devi Lal Chaudhari,Communist Party of Nepal (Maoists),M,18284,Elected
Kanchanpur,Mahakali,Terai,Far-Western,238,3,Tekendra Prasad Bhatt,Communist Party of Nepal (Maoists),M,15076,Elected
Kanchanpur,Mahakali,Terai,Far-Western,239,4,Sher Bahadur Deuba,Nepali Congress,M,12824,Elected
