District,Zone,Geographical Region,Development Region,Year BS,Year AD,Number of Voters
Taplejung,Mechi,Mountain,Eastern,2047,1990,78883
Taplejung,Mechi,Mountain,Eastern,2050,1993,88051
Taplejung,Mechi,Mountain,Eastern,2056,1999,92537
Taplejung,Mechi,Mountain,Eastern,2057,2000,98112
Taplejung,Mechi,Mountain,Eastern,2058,2001,98817
Taplejung,Mechi,Mountain,Eastern,2059,2002,99059
Taplejung,Mechi,Mountain,Eastern,2060,2003,98727
Taplejung,Mechi,Mountain,Eastern,2061,2004,98491
Taplejung,Mechi,Mountain,Eastern,2062,2005,99263
Taplejung,Mechi,Mountain,Eastern,2063,2006,107714
Panchthar,Mechi,Hill,Eastern,2047,1990,111252
Panchthar,Mechi,Hill,Eastern,2050,1993,118554
Panchthar,Mechi,Hill,Eastern,2056,1999,126206
Panchthar,Mechi,Hill,Eastern,2057,2000,134910
Panchthar,Mechi,Hill,Eastern,2058,2001,135639
Panchthar,Mechi,Hill,Eastern,2059,2002,136170
Panchthar,Mechi,Hill,Eastern,2060,2003,137472
Panchthar,Mechi,Hill,Eastern,2061,2004,137593
Panchthar,Mechi,Hill,Eastern,2062,2005,138151
Panchthar,Mechi,Hill,Eastern,2063,2006,155983
Ilam,Mechi,Hill,Eastern,2047,1990,128747
Ilam,Mechi,Hill,Eastern,2050,1993,140445
Ilam,Mechi,Hill,Eastern,2056,1999,160217
Ilam,Mechi,Hill,Eastern,2057,2000,170689
Ilam,Mechi,Hill,Eastern,2058,2001,171498
Ilam,Mechi,Hill,Eastern,2059,2002,172434
Ilam,Mechi,Hill,Eastern,2060,2003,174611
Ilam,Mechi,Hill,Eastern,2061,2004,176673
Ilam,Mechi,Hill,Eastern,2062,2005,181223
Ilam,Mechi,Hill,Eastern,2063,2006,212055
Jhapa,Mechi,Terai,Eastern,2047,1990,353689
Jhapa,Mechi,Terai,Eastern,2050,1993,392209
Jhapa,Mechi,Terai,Eastern,2056,1999,450634
Jhapa,Mechi,Terai,Eastern,2057,2000,489085
Jhapa,Mechi,Terai,Eastern,2058,2001,504555
Jhapa,Mechi,Terai,Eastern,2059,2002,515311
Jhapa,Mechi,Terai,Eastern,2060,2003,533156
Jhapa,Mechi,Terai,Eastern,2061,2004,535501
Jhapa,Mechi,Terai,Eastern,2062,2005,551117
Jhapa,Mechi,Terai,Eastern,2063,2006,628666
Sankhuwasabha,Kosi,Mountain,Eastern,2047,1990,95781
Sankhuwasabha,Kosi,Mountain,Eastern,2050,1993,102228
Sankhuwasabha,Kosi,Mountain,Eastern,2056,1999,107128
Sankhuwasabha,Kosi,Mountain,Eastern,2057,2000,113443
Sankhuwasabha,Kosi,Mountain,Eastern,2058,2001,113847
Sankhuwasabha,Kosi,Mountain,Eastern,2059,2002,114599
Sankhuwasabha,Kosi,Mountain,Eastern,2060,2003,115695
Sankhuwasabha,Kosi,Mountain,Eastern,2061,2004,115608
Sankhuwasabha,Kosi,Mountain,Eastern,2062,2005,117149
Sankhuwasabha,Kosi,Mountain,Eastern,2063,2006,132118
Terhathum,Kosi,Hill,Eastern,2047,1990,67326
Terhathum,Kosi,Hill,Eastern,2050,1993,72273
Terhathum,Kosi,Hill,Eastern,2056,1999,74392
Terhathum,Kosi,Hill,Eastern,2057,2000,80493
Terhathum,Kosi,Hill,Eastern,2058,2001,81204
Terhathum,Kosi,Hill,Eastern,2059,2002,81909
Terhathum,Kosi,Hill,Eastern,2060,2003,81523
Terhathum,Kosi,Hill,Eastern,2061,2004,81692
Terhathum,Kosi,Hill,Eastern,2062,2005,81887
Terhathum,Kosi,Hill,Eastern,2063,2006,90935
Bhojpur,Kosi,Hill,Eastern,2047,1990,133597
Bhojpur,Kosi,Hill,Eastern,2050,1993,142281
Bhojpur,Kosi,Hill,Eastern,2056,1999,145940
Bhojpur,Kosi,Hill,Eastern,2057,2000,153862
Bhojpur,Kosi,Hill,Eastern,2058,2001,154937
Bhojpur,Kosi,Hill,Eastern,2059,2002,155578
Bhojpur,Kosi,Hill,Eastern,2060,2003,157199
Bhojpur,Kosi,Hill,Eastern,2061,2004,157088
Bhojpur,Kosi,Hill,Eastern,2062,2005,157454
Bhojpur,Kosi,Hill,Eastern,2063,2006,166050
Dhankuta,Kosi,Hill,Eastern,2047,1990,92306
Dhankuta,Kosi,Hill,Eastern,2050,1993,100688
Dhankuta,Kosi,Hill,Eastern,2056,1999,100922
Dhankuta,Kosi,Hill,Eastern,2057,2000,106721
Dhankuta,Kosi,Hill,Eastern,2058,2001,107051
Dhankuta,Kosi,Hill,Eastern,2059,2002,107159
Dhankuta,Kosi,Hill,Eastern,2060,2003,108608
Dhankuta,Kosi,Hill,Eastern,2061,2004,109812
Dhankuta,Kosi,Hill,Eastern,2062,2005,111754
Dhankuta,Kosi,Hill,Eastern,2063,2006,125727
Morang,Kosi,Terai,Eastern,2047,1990,403374
Morang,Kosi,Terai,Eastern,2050,1993,429891
Morang,Kosi,Terai,Eastern,2056,1999,480512
Morang,Kosi,Terai,Eastern,2057,2000,499308
Morang,Kosi,Terai,Eastern,2058,2001,512500
Morang,Kosi,Terai,Eastern,2059,2002,516533
Morang,Kosi,Terai,Eastern,2060,2003,544446
Morang,Kosi,Terai,Eastern,2061,2004,553574
Morang,Kosi,Terai,Eastern,2062,2005,567640
Morang,Kosi,Terai,Eastern,2063,2006,648894
Sunsari,Kosi,Terai,Eastern,2047,1990,280546
Sunsari,Kosi,Terai,Eastern,2050,1993,301080
Sunsari,Kosi,Terai,Eastern,2056,1999,344762
Sunsari,Kosi,Terai,Eastern,2057,2000,363185
Sunsari,Kosi,Terai,Eastern,2058,2001,374639
Sunsari,Kosi,Terai,Eastern,2059,2002,381665
Sunsari,Kosi,Terai,Eastern,2060,2003,395620
Sunsari,Kosi,Terai,Eastern,2061,2004,398530
Sunsari,Kosi,Terai,Eastern,2062,2005,403674
Sunsari,Kosi,Terai,Eastern,2063,2006,477973
Solukhumbu,Sagarmatha,Mountain,Eastern,2047,1990,61764
Solukhumbu,Sagarmatha,Mountain,Eastern,2050,1993,65495
Solukhumbu,Sagarmatha,Mountain,Eastern,2056,1999,67455
Solukhumbu,Sagarmatha,Mountain,Eastern,2057,2000,70101
Solukhumbu,Sagarmatha,Mountain,Eastern,2058,2001,70395
Solukhumbu,Sagarmatha,Mountain,Eastern,2059,2002,72125
Solukhumbu,Sagarmatha,Mountain,Eastern,2060,2003,73637
Solukhumbu,Sagarmatha,Mountain,Eastern,2061,2004,74281
Solukhumbu,Sagarmatha,Mountain,Eastern,2062,2005,75015
Solukhumbu,Sagarmatha,Mountain,Eastern,2063,2006,84182
Khotang,Sagarmatha,Hill,Eastern,2047,1990,140132
Khotang,Sagarmatha,Hill,Eastern,2050,1993,147243
Khotang,Sagarmatha,Hill,Eastern,2056,1999,153657
Khotang,Sagarmatha,Hill,Eastern,2057,2000,164259
Khotang,Sagarmatha,Hill,Eastern,2058,2001,164869
Khotang,Sagarmatha,Hill,Eastern,2059,2002,165296
Khotang,Sagarmatha,Hill,Eastern,2060,2003,164392
Khotang,Sagarmatha,Hill,Eastern,2061,2004,164105
Khotang,Sagarmatha,Hill,Eastern,2062,2005,167308
Khotang,Sagarmatha,Hill,Eastern,2063,2006,182794
Okhaldhunga,Sagarmatha,Hill,Eastern,2047,1990,96912
Okhaldhunga,Sagarmatha,Hill,Eastern,2050,1993,105174
Okhaldhunga,Sagarmatha,Hill,Eastern,2056,1999,106431
Okhaldhunga,Sagarmatha,Hill,Eastern,2057,2000,113377
Okhaldhunga,Sagarmatha,Hill,Eastern,2058,2001,115725
Okhaldhunga,Sagarmatha,Hill,Eastern,2059,2002,116255
Okhaldhunga,Sagarmatha,Hill,Eastern,2060,2003,118550
Okhaldhunga,Sagarmatha,Hill,Eastern,2061,2004,119108
Okhaldhunga,Sagarmatha,Hill,Eastern,2062,2005,120957
Okhaldhunga,Sagarmatha,Hill,Eastern,2063,2006,129378
Udayapur,Sagarmatha,Hill,Eastern,2047,1990,116355
Udayapur,Sagarmatha,Hill,Eastern,2050,1993,133916
Udayapur,Sagarmatha,Hill,Eastern,2056,1999,154707
Udayapur,Sagarmatha,Hill,Eastern,2057,2000,171351
Udayapur,Sagarmatha,Hill,Eastern,2058,2001,177630
Udayapur,Sagarmatha,Hill,Eastern,2059,2002,179901
Udayapur,Sagarmatha,Hill,Eastern,2060,2003,185736
Udayapur,Sagarmatha,Hill,Eastern,2061,2004,187954
Udayapur,Sagarmatha,Hill,Eastern,2062,2005,195384
Udayapur,Sagarmatha,Hill,Eastern,2063,2006,220028
Saptari,Sagarmatha,Terai,Eastern,2047,1990,266173
Saptari,Sagarmatha,Terai,Eastern,2050,1993,294961
Saptari,Sagarmatha,Terai,Eastern,2056,1999,346837
Saptari,Sagarmatha,Terai,Eastern,2057,2000,367566
Saptari,Sagarmatha,Terai,Eastern,2058,2001,377818
Saptari,Sagarmatha,Terai,Eastern,2059,2002,378434
Saptari,Sagarmatha,Terai,Eastern,2060,2003,376067
Saptari,Sagarmatha,Terai,Eastern,2061,2004,375378
Saptari,Sagarmatha,Terai,Eastern,2062,2005,375751
Saptari,Sagarmatha,Terai,Eastern,2063,2006,416712
Siraha,Sagarmatha,Terai,Eastern,2047,1990,265339
Siraha,Sagarmatha,Terai,Eastern,2050,1993,291492
Siraha,Sagarmatha,Terai,Eastern,2056,1999,346479
Siraha,Sagarmatha,Terai,Eastern,2057,2000,366696
Siraha,Sagarmatha,Terai,Eastern,2058,2001,378309
Siraha,Sagarmatha,Terai,Eastern,2059,2002,384789
Siraha,Sagarmatha,Terai,Eastern,2060,2003,389870
Siraha,Sagarmatha,Terai,Eastern,2061,2004,392270
Siraha,Sagarmatha,Terai,Eastern,2062,2005,396201
Siraha,Sagarmatha,Terai,Eastern,2063,2006,434353
Dolakha,Janakpur,Mountain,Central,2047,1990,117778
Dolakha,Janakpur,Mountain,Central,2050,1993,126423
Dolakha,Janakpur,Mountain,Central,2056,1999,131336
Dolakha,Janakpur,Mountain,Central,2057,2000,138647
Dolakha,Janakpur,Mountain,Central,2058,2001,140727
Dolakha,Janakpur,Mountain,Central,2059,2002,143678
Dolakha,Janakpur,Mountain,Central,2060,2003,147490
Dolakha,Janakpur,Mountain,Central,2061,2004,148919
Dolakha,Janakpur,Mountain,Central,2062,2005,152519
Dolakha,Janakpur,Mountain,Central,2063,2006,165928
Ramechhap,Janakpur,Hill,Central,2047,1990,123373
Ramechhap,Janakpur,Hill,Central,2050,1993,131698
Ramechhap,Janakpur,Hill,Central,2056,1999,145295
Ramechhap,Janakpur,Hill,Central,2057,2000,151824
Ramechhap,Janakpur,Hill,Central,2058,2001,153379
Ramechhap,Janakpur,Hill,Central,2059,2002,154898
Ramechhap,Janakpur,Hill,Central,2060,2003,156032
Ramechhap,Janakpur,Hill,Central,2061,2004,156689
Ramechhap,Janakpur,Hill,Central,2062,2005,162748
Ramechhap,Janakpur,Hill,Central,2063,2006,180026
Sindhuli,Janakpur,Hill,Central,2047,1990,127543
Sindhuli,Janakpur,Hill,Central,2050,1993,144606
Sindhuli,Janakpur,Hill,Central,2056,1999,156896
Sindhuli,Janakpur,Hill,Central,2057,2000,167603
Sindhuli,Janakpur,Hill,Central,2058,2001,170783
Sindhuli,Janakpur,Hill,Central,2059,2002,172338
Sindhuli,Janakpur,Hill,Central,2060,2003,174988
Sindhuli,Janakpur,Hill,Central,2061,2004,175792
Sindhuli,Janakpur,Hill,Central,2062,2005,178031
Sindhuli,Janakpur,Hill,Central,2063,2006,202918
Dhanusa,Janakpur,Terai,Central,2047,1990,306065
Dhanusa,Janakpur,Terai,Central,2050,1993,339993
Dhanusa,Janakpur,Terai,Central,2056,1999,373767
Dhanusa,Janakpur,Terai,Central,2057,2000,388825
Dhanusa,Janakpur,Terai,Central,2058,2001,400272
Dhanusa,Janakpur,Terai,Central,2059,2002,399937
Dhanusa,Janakpur,Terai,Central,2060,2003,397528
Dhanusa,Janakpur,Terai,Central,2061,2004,396625
Dhanusa,Janakpur,Terai,Central,2062,2005,396292
Dhanusa,Janakpur,Terai,Central,2063,2006,463225
Mahottari,Janakpur,Terai,Central,2047,1990,249604
Mahottari,Janakpur,Terai,Central,2050,1993,272131
Mahottari,Janakpur,Terai,Central,2056,1999,305716
Mahottari,Janakpur,Terai,Central,2057,2000,326502
Mahottari,Janakpur,Terai,Central,2058,2001,337761
Mahottari,Janakpur,Terai,Central,2059,2002,339320
Mahottari,Janakpur,Terai,Central,2060,2003,343852
Mahottari,Janakpur,Terai,Central,2061,2004,344584
Mahottari,Janakpur,Terai,Central,2062,2005,344103
Mahottari,Janakpur,Terai,Central,2063,2006,394473
Sarlahi,Janakpur,Terai,Central,2047,1990,280045
Sarlahi,Janakpur,Terai,Central,2050,1993,315220
Sarlahi,Janakpur,Terai,Central,2056,1999,366479
Sarlahi,Janakpur,Terai,Central,2057,2000,391260
Sarlahi,Janakpur,Terai,Central,2058,2001,408548
Sarlahi,Janakpur,Terai,Central,2059,2002,411049
Sarlahi,Janakpur,Terai,Central,2060,2003,424093
Sarlahi,Janakpur,Terai,Central,2061,2004,419642
Sarlahi,Janakpur,Terai,Central,2062,2005,418221
Sarlahi,Janakpur,Terai,Central,2063,2006,471489
Rasuwa,Bagmati,Mountain,Central,2047,1990,22170
Rasuwa,Bagmati,Mountain,Central,2050,1993,22975
Rasuwa,Bagmati,Mountain,Central,2056,1999,25880
Rasuwa,Bagmati,Mountain,Central,2057,2000,27975
Rasuwa,Bagmati,Mountain,Central,2058,2001,28418
Rasuwa,Bagmati,Mountain,Central,2059,2002,28607
Rasuwa,Bagmati,Mountain,Central,2060,2003,28943
Rasuwa,Bagmati,Mountain,Central,2061,2004,29101
Rasuwa,Bagmati,Mountain,Central,2062,2005,29877
Rasuwa,Bagmati,Mountain,Central,2063,2006,32442
Dhading,Bagmati,Hill,Central,2047,1990,176487
Dhading,Bagmati,Hill,Central,2050,1993,190561
Dhading,Bagmati,Hill,Central,2056,1999,221158
Dhading,Bagmati,Hill,Central,2057,2000,236543
Dhading,Bagmati,Hill,Central,2058,2001,239598
Dhading,Bagmati,Hill,Central,2059,2002,241322
Dhading,Bagmati,Hill,Central,2060,2003,243467
Dhading,Bagmati,Hill,Central,2061,2004,244026
Dhading,Bagmati,Hill,Central,2062,2005,247469
Dhading,Bagmati,Hill,Central,2063,2006,276259
Nuwakot,Bagmati,Hill,Central,2047,1990,153799
Nuwakot,Bagmati,Hill,Central,2050,1993,170665
Nuwakot,Bagmati,Hill,Central,2056,1999,193518
Nuwakot,Bagmati,Hill,Central,2057,2000,210390
Nuwakot,Bagmati,Hill,Central,2058,2001,212264
Nuwakot,Bagmati,Hill,Central,2059,2002,213736
Nuwakot,Bagmati,Hill,Central,2060,2003,214875
Nuwakot,Bagmati,Hill,Central,2061,2004,214977
Nuwakot,Bagmati,Hill,Central,2062,2005,215781
Nuwakot,Bagmati,Hill,Central,2063,2006,247215
Kathmandu,Bagmati,Hill,Central,2047,1990,430095
Kathmandu,Bagmati,Hill,Central,2050,1993,486726
Kathmandu,Bagmati,Hill,Central,2056,1999,468646
Kathmandu,Bagmati,Hill,Central,2057,2000,504662
Kathmandu,Bagmati,Hill,Central,2058,2001,506450
Kathmandu,Bagmati,Hill,Central,2059,2002,509926
Kathmandu,Bagmati,Hill,Central,2060,2003,512210
Kathmandu,Bagmati,Hill,Central,2061,2004,511564
Kathmandu,Bagmati,Hill,Central,2062,2005,512884
Kathmandu,Bagmati,Hill,Central,2063,2006,596495
Bhaktapur,Bagmati,Hill,Central,2047,1990,113935
Bhaktapur,Bagmati,Hill,Central,2050,1993,118340
Bhaktapur,Bagmati,Hill,Central,2056,1999,128106
Bhaktapur,Bagmati,Hill,Central,2057,2000,134986
Bhaktapur,Bagmati,Hill,Central,2058,2001,137797
Bhaktapur,Bagmati,Hill,Central,2059,2002,140263
Bhaktapur,Bagmati,Hill,Central,2060,2003,141947
Bhaktapur,Bagmati,Hill,Central,2061,2004,141507
Bhaktapur,Bagmati,Hill,Central,2062,2005,141725
Bhaktapur,Bagmati,Hill,Central,2063,2006,159464
Lalitpur,Bagmati,Hill,Central,2047,1990,164895
Lalitpur,Bagmati,Hill,Central,2050,1993,185352
Lalitpur,Bagmati,Hill,Central,2056,1999,190029
Lalitpur,Bagmati,Hill,Central,2057,2000,201506
Lalitpur,Bagmati,Hill,Central,2058,2001,205295
Lalitpur,Bagmati,Hill,Central,2059,2002,206773
Lalitpur,Bagmati,Hill,Central,2060,2003,205943
Lalitpur,Bagmati,Hill,Central,2061,2004,209710
Lalitpur,Bagmati,Hill,Central,2062,2005,210518
Lalitpur,Bagmati,Hill,Central,2063,2006,235328
Kavre,Bagmati,Hill,Central,2047,1990,212014
Kavre,Bagmati,Hill,Central,2050,1993,223560
Kavre,Bagmati,Hill,Central,2056,1999,253241
Kavre,Bagmati,Hill,Central,2057,2000,273144
Kavre,Bagmati,Hill,Central,2058,2001,278929
Kavre,Bagmati,Hill,Central,2059,2002,280968
Kavre,Bagmati,Hill,Central,2060,2003,284484
Kavre,Bagmati,Hill,Central,2061,2004,285746
Kavre,Bagmati,Hill,Central,2062,2005,289349
Kavre,Bagmati,Hill,Central,2063,2006,321705
Sindhupalchok,Bagmati,Mountain,Central,2047,1990,171576
Sindhupalchok,Bagmati,Mountain,Central,2050,1993,184817
Sindhupalchok,Bagmati,Mountain,Central,2056,1999,201073
Sindhupalchok,Bagmati,Mountain,Central,2057,2000,216217
Sindhupalchok,Bagmati,Mountain,Central,2058,2001,218982
Sindhupalchok,Bagmati,Mountain,Central,2059,2002,221918
Sindhupalchok,Bagmati,Mountain,Central,2060,2003,226374
Sindhupalchok,Bagmati,Mountain,Central,2061,2004,227040
Sindhupalchok,Bagmati,Mountain,Central,2062,2005,229866
Sindhupalchok,Bagmati,Mountain,Central,2063,2006,260357
Makwanpur,Narayani,Hill,Central,2047,1990,175003
Makwanpur,Narayani,Hill,Central,2050,1993,188059
Makwanpur,Narayani,Hill,Central,2056,1999,213474
Makwanpur,Narayani,Hill,Central,2057,2000,231880
Makwanpur,Narayani,Hill,Central,2058,2001,235367
Makwanpur,Narayani,Hill,Central,2059,2002,236769
Makwanpur,Narayani,Hill,Central,2060,2003,244610
Makwanpur,Narayani,Hill,Central,2061,2004,246469
Makwanpur,Narayani,Hill,Central,2062,2005,248190
Makwanpur,Narayani,Hill,Central,2063,2006,288868
Rautahat,Narayani,Terai,Central,2047,1990,237622
Rautahat,Narayani,Terai,Central,2050,1993,256065
Rautahat,Narayani,Terai,Central,2056,1999,305231
Rautahat,Narayani,Terai,Central,2057,2000,314107
Rautahat,Narayani,Terai,Central,2058,2001,320521
Rautahat,Narayani,Terai,Central,2059,2002,323759
Rautahat,Narayani,Terai,Central,2060,2003,329798
Rautahat,Narayani,Terai,Central,2061,2004,331417
Rautahat,Narayani,Terai,Central,2062,2005,338098
Rautahat,Narayani,Terai,Central,2063,2006,373650
Bara,Narayani,Terai,Central,2047,1990,234967
Bara,Narayani,Terai,Central,2050,1993,260195
Bara,Narayani,Terai,Central,2056,1999,305456
Bara,Narayani,Terai,Central,2057,2000,327284
Bara,Narayani,Terai,Central,2058,2001,337766
Bara,Narayani,Terai,Central,2059,2002,339870
Bara,Narayani,Terai,Central,2060,2003,344522
Bara,Narayani,Terai,Central,2061,2004,345522
Bara,Narayani,Terai,Central,2062,2005,348554
Bara,Narayani,Terai,Central,2063,2006,396003
Parsa,Narayani,Terai,Central,2047,1990,214282
Parsa,Narayani,Terai,Central,2050,1993,225982
Parsa,Narayani,Terai,Central,2056,1999,271244
Parsa,Narayani,Terai,Central,2057,2000,293681
Parsa,Narayani,Terai,Central,2058,2001,306353
Parsa,Narayani,Terai,Central,2059,2002,311607
Parsa,Narayani,Terai,Central,2060,2003,312208
Parsa,Narayani,Terai,Central,2061,2004,309535
Parsa,Narayani,Terai,Central,2062,2005,310296
Parsa,Narayani,Terai,Central,2063,2006,363013
Chitawan,Narayani,Terai,Central,2047,1990,206339
Chitawan,Narayani,Terai,Central,2050,1993,241192
Chitawan,Narayani,Terai,Central,2056,1999,270011
Chitawan,Narayani,Terai,Central,2057,2000,294730
Chitawan,Narayani,Terai,Central,2058,2001,304651
Chitawan,Narayani,Terai,Central,2059,2002,307079
Chitawan,Narayani,Terai,Central,2060,2003,310775
Chitawan,Narayani,Terai,Central,2061,2004,312364
Chitawan,Narayani,Terai,Central,2062,2005,314480
Chitawan,Narayani,Terai,Central,2063,2006,382580
Gorkha,Gandaki,Hill,Western,2047,1990,172507
Gorkha,Gandaki,Hill,Western,2050,1993,186623
Gorkha,Gandaki,Hill,Western,2056,1999,195674
Gorkha,Gandaki,Hill,Western,2057,2000,205861
Gorkha,Gandaki,Hill,Western,2058,2001,208216
Gorkha,Gandaki,Hill,Western,2059,2002,209364
Gorkha,Gandaki,Hill,Western,2060,2003,212741
Gorkha,Gandaki,Hill,Western,2061,2004,213776
Gorkha,Gandaki,Hill,Western,2062,2005,215238
Gorkha,Gandaki,Hill,Western,2063,2006,249945
Manang,Gandaki,Mountain,Western,2047,1990,6358
Manang,Gandaki,Mountain,Western,2050,1993,6763
Manang,Gandaki,Mountain,Western,2056,1999,6379
Manang,Gandaki,Mountain,Western,2057,2000,6540
Manang,Gandaki,Mountain,Western,2058,2001,6732
Manang,Gandaki,Mountain,Western,2059,2002,6812
Manang,Gandaki,Mountain,Western,2060,2003,7070
Manang,Gandaki,Mountain,Western,2061,2004,7051
Manang,Gandaki,Mountain,Western,2062,2005,6978
Manang,Gandaki,Mountain,Western,2063,2006,7407
Lamjung,Gandaki,Hill,Western,2047,1990,108908
Lamjung,Gandaki,Hill,Western,2050,1993,116441
Lamjung,Gandaki,Hill,Western,2056,1999,125217
Lamjung,Gandaki,Hill,Western,2057,2000,133104
Lamjung,Gandaki,Hill,Western,2058,2001,134482
Lamjung,Gandaki,Hill,Western,2059,2002,135869
Lamjung,Gandaki,Hill,Western,2060,2003,136734
Lamjung,Gandaki,Hill,Western,2061,2004,137576
Lamjung,Gandaki,Hill,Western,2062,2005,140470
Lamjung,Gandaki,Hill,Western,2063,2006,153335
Kaski,Gandaki,Hill,Western,2047,1990,195945
Kaski,Gandaki,Hill,Western,2050,1993,223646
Kaski,Gandaki,Hill,Western,2056,1999,224246
Kaski,Gandaki,Hill,Western,2057,2000,246010
Kaski,Gandaki,Hill,Western,2058,2001,244747
Kaski,Gandaki,Hill,Western,2059,2002,246819
Kaski,Gandaki,Hill,Western,2060,2003,256755
Kaski,Gandaki,Hill,Western,2061,2004,262542
Kaski,Gandaki,Hill,Western,2062,2005,269481
Kaski,Gandaki,Hill,Western,2063,2006,315635
Tanahu,Gandaki,Hill,Western,2047,1990,184085
Tanahu,Gandaki,Hill,Western,2050,1993,207683
Tanahu,Gandaki,Hill,Western,2056,1999,207967
Tanahu,Gandaki,Hill,Western,2057,2000,211831
Tanahu,Gandaki,Hill,Western,2058,2001,215127
Tanahu,Gandaki,Hill,Western,2059,2002,216565
Tanahu,Gandaki,Hill,Western,2060,2003,218528
Tanahu,Gandaki,Hill,Western,2061,2004,219332
Tanahu,Gandaki,Hill,Western,2062,2005,221373
Tanahu,Gandaki,Hill,Western,2063,2006,267618
Syangja,Gandaki,Hill,Western,2047,1990,215448
Syangja,Gandaki,Hill,Western,2050,1993,237539
Syangja,Gandaki,Hill,Western,2056,1999,243369
Syangja,Gandaki,Hill,Western,2057,2000,255271
Syangja,Gandaki,Hill,Western,2058,2001,260637
Syangja,Gandaki,Hill,Western,2059,2002,261981
Syangja,Gandaki,Hill,Western,2060,2003,266352
Syangja,Gandaki,Hill,Western,2061,2004,267544
Syangja,Gandaki,Hill,Western,2062,2005,272170
Syangja,Gandaki,Hill,Western,2063,2006,295442
Gulmi,Lumbini,Hill,Western,2047,1990,184204
Gulmi,Lumbini,Hill,Western,2050,1993,198334
Gulmi,Lumbini,Hill,Western,2056,1999,214712
Gulmi,Lumbini,Hill,Western,2057,2000,227891
Gulmi,Lumbini,Hill,Western,2058,2001,229133
Gulmi,Lumbini,Hill,Western,2059,2002,230172
Gulmi,Lumbini,Hill,Western,2060,2003,232349
Gulmi,Lumbini,Hill,Western,2061,2004,232524
Gulmi,Lumbini,Hill,Western,2062,2005,236188
Gulmi,Lumbini,Hill,Western,2063,2006,261669
Palpa,Lumbini,Hill,Western,2047,1990,151267
Palpa,Lumbini,Hill,Western,2050,1993,169101
Palpa,Lumbini,Hill,Western,2056,1999,176869
Palpa,Lumbini,Hill,Western,2057,2000,184078
Palpa,Lumbini,Hill,Western,2058,2001,183863
Palpa,Lumbini,Hill,Western,2059,2002,184983
Palpa,Lumbini,Hill,Western,2060,2003,187727
Palpa,Lumbini,Hill,Western,2061,2004,189391
Palpa,Lumbini,Hill,Western,2062,2005,192798
Palpa,Lumbini,Hill,Western,2063,2006,215281
Arghakhanchi,Lumbini,Hill,Western,2047,1990,115882
Arghakhanchi,Lumbini,Hill,Western,2050,1993,129861
Arghakhanchi,Lumbini,Hill,Western,2056,1999,140836
Arghakhanchi,Lumbini,Hill,Western,2057,2000,151770
Arghakhanchi,Lumbini,Hill,Western,2058,2001,154134
Arghakhanchi,Lumbini,Hill,Western,2059,2002,155485
Arghakhanchi,Lumbini,Hill,Western,2060,2003,156888
Arghakhanchi,Lumbini,Hill,Western,2061,2004,157132
Arghakhanchi,Lumbini,Hill,Western,2062,2005,158584
Arghakhanchi,Lumbini,Hill,Western,2063,2006,180694
Nawalparasi,Lumbini,Terai,Western,2047,1990,247290
Nawalparasi,Lumbini,Terai,Western,2050,1993,284862
Nawalparasi,Lumbini,Terai,Western,2056,1999,306965
Nawalparasi,Lumbini,Terai,Western,2057,2000,330832
Nawalparasi,Lumbini,Terai,Western,2058,2001,336433
Nawalparasi,Lumbini,Terai,Western,2059,2002,339979
Nawalparasi,Lumbini,Terai,Western,2060,2003,345762
Nawalparasi,Lumbini,Terai,Western,2061,2004,349229
Nawalparasi,Lumbini,Terai,Western,2062,2005,357325
Nawalparasi,Lumbini,Terai,Western,2063,2006,428018
Rupandehi,Lumbini,Terai,Western,2047,1990,289400
Rupandehi,Lumbini,Terai,Western,2050,1993,341499
Rupandehi,Lumbini,Terai,Western,2056,1999,364818
Rupandehi,Lumbini,Terai,Western,2057,2000,392494
Rupandehi,Lumbini,Terai,Western,2058,2001,403608
Rupandehi,Lumbini,Terai,Western,2059,2002,410282
Rupandehi,Lumbini,Terai,Western,2060,2003,416780
Rupandehi,Lumbini,Terai,Western,2061,2004,417397
Rupandehi,Lumbini,Terai,Western,2062,2005,421638
Rupandehi,Lumbini,Terai,Western,2063,2006,522898
Kapilbastu,Lumbini,Terai,Western,2047,1990,215097
Kapilbastu,Lumbini,Terai,Western,2050,1993,229116
Kapilbastu,Lumbini,Terai,Western,2056,1999,267697
Kapilbastu,Lumbini,Terai,Western,2057,2000,287298
Kapilbastu,Lumbini,Terai,Western,2058,2001,292553
Kapilbastu,Lumbini,Terai,Western,2059,2002,296843
Kapilbastu,Lumbini,Terai,Western,2060,2003,300237
Kapilbastu,Lumbini,Terai,Western,2061,2004,299253
Kapilbastu,Lumbini,Terai,Western,2062,2005,301301
Kapilbastu,Lumbini,Terai,Western,2063,2006,348954
Mustang,Dhawalagiri,Mountain,Western,2047,1990,11312
Mustang,Dhawalagiri,Mountain,Western,2050,1993,10800
Mustang,Dhawalagiri,Mountain,Western,2056,1999,10776
Mustang,Dhawalagiri,Mountain,Western,2057,2000,11019
Mustang,Dhawalagiri,Mountain,Western,2058,2001,11299
Mustang,Dhawalagiri,Mountain,Western,2059,2002,11625
Mustang,Dhawalagiri,Mountain,Western,2060,2003,11580
Mustang,Dhawalagiri,Mountain,Western,2061,2004,11506
Mustang,Dhawalagiri,Mountain,Western,2062,2005,11550
Mustang,Dhawalagiri,Mountain,Western,2063,2006,11889
Myagdi,Dhawalagiri,Hill,Western,2047,1990,66905
Myagdi,Dhawalagiri,Hill,Western,2050,1993,69646
Myagdi,Dhawalagiri,Hill,Western,2056,1999,70477
Myagdi,Dhawalagiri,Hill,Western,2057,2000,73851
Myagdi,Dhawalagiri,Hill,Western,2058,2001,74708
Myagdi,Dhawalagiri,Hill,Western,2059,2002,75336
Myagdi,Dhawalagiri,Hill,Western,2060,2003,76227
Myagdi,Dhawalagiri,Hill,Western,2061,2004,76454
Myagdi,Dhawalagiri,Hill,Western,2062,2005,77164
Myagdi,Dhawalagiri,Hill,Western,2063,2006,88147
Baglung,Dhawalagiri,Hill,Western,2047,1990,158603
Baglung,Dhawalagiri,Hill,Western,2050,1993,167321
Baglung,Dhawalagiri,Hill,Western,2056,1999,183068
Baglung,Dhawalagiri,Hill,Western,2057,2000,193472
Baglung,Dhawalagiri,Hill,Western,2058,2001,197361
Baglung,Dhawalagiri,Hill,Western,2059,2002,202711
Baglung,Dhawalagiri,Hill,Western,2060,2003,204521
Baglung,Dhawalagiri,Hill,Western,2061,2004,205892
Baglung,Dhawalagiri,Hill,Western,2062,2005,209537
Baglung,Dhawalagiri,Hill,Western,2063,2006,226365
Parbat,Dhawalagiri,Hill,Western,2047,1990,109576
Parbat,Dhawalagiri,Hill,Western,2050,1993,119258
Parbat,Dhawalagiri,Hill,Western,2056,1999,118243
Parbat,Dhawalagiri,Hill,Western,2057,2000,125700
Parbat,Dhawalagiri,Hill,Western,2058,2001,127542
Parbat,Dhawalagiri,Hill,Western,2059,2002,129106
Parbat,Dhawalagiri,Hill,Western,2060,2003,131359
Parbat,Dhawalagiri,Hill,Western,2061,2004,132098
Parbat,Dhawalagiri,Hill,Western,2062,2005,133199
Parbat,Dhawalagiri,Hill,Western,2063,2006,145134
Rukum,Rapti,Hill,Mid-Western,2047,1990,83593
Rukum,Rapti,Hill,Mid-Western,2050,1993,97347
Rukum,Rapti,Hill,Mid-Western,2056,1999,100970
Rukum,Rapti,Hill,Mid-Western,2057,2000,103793
Rukum,Rapti,Hill,Mid-Western,2058,2001,104688
Rukum,Rapti,Hill,Mid-Western,2059,2002,106088
Rukum,Rapti,Hill,Mid-Western,2060,2003,107882
Rukum,Rapti,Hill,Mid-Western,2061,2004,108182
Rukum,Rapti,Hill,Mid-Western,2062,2005,109496
Rukum,Rapti,Hill,Mid-Western,2063,2006,130947
Rolpa,Rapti,Hill,Mid-Western,2047,1990,112191
Rolpa,Rapti,Hill,Mid-Western,2050,1993,118443
Rolpa,Rapti,Hill,Mid-Western,2056,1999,124662
Rolpa,Rapti,Hill,Mid-Western,2057,2000,125174
Rolpa,Rapti,Hill,Mid-Western,2058,2001,125314
Rolpa,Rapti,Hill,Mid-Western,2059,2002,125942
Rolpa,Rapti,Hill,Mid-Western,2060,2003,128316
Rolpa,Rapti,Hill,Mid-Western,2061,2004,130918
Rolpa,Rapti,Hill,Mid-Western,2062,2005,133501
Rolpa,Rapti,Hill,Mid-Western,2063,2006,153966
Pyuthan,Rapti,Hill,Mid-Western,2047,1990,105845
Pyuthan,Rapti,Hill,Mid-Western,2050,1993,114077
Pyuthan,Rapti,Hill,Mid-Western,2056,1999,126937
Pyuthan,Rapti,Hill,Mid-Western,2057,2000,133355
Pyuthan,Rapti,Hill,Mid-Western,2058,2001,136356
Pyuthan,Rapti,Hill,Mid-Western,2059,2002,137907
Pyuthan,Rapti,Hill,Mid-Western,2060,2003,140026
Pyuthan,Rapti,Hill,Mid-Western,2061,2004,140988
Pyuthan,Rapti,Hill,Mid-Western,2062,2005,141987
Pyuthan,Rapti,Hill,Mid-Western,2063,2006,160561
Salyan,Rapti,Hill,Mid-Western,2047,1990,103303
Salyan,Rapti,Hill,Mid-Western,2050,1993,109745
Salyan,Rapti,Hill,Mid-Western,2056,1999,118012
Salyan,Rapti,Hill,Mid-Western,2057,2000,120782
Salyan,Rapti,Hill,Mid-Western,2058,2001,121220
Salyan,Rapti,Hill,Mid-Western,2059,2002,123075
Salyan,Rapti,Hill,Mid-Western,2060,2003,128101
Salyan,Rapti,Hill,Mid-Western,2061,2004,129524
Salyan,Rapti,Hill,Mid-Western,2062,2005,131537
Salyan,Rapti,Hill,Mid-Western,2063,2006,159894
Dang,Rapti,Terai,Mid-Western,2047,1990,190900
Dang,Rapti,Terai,Mid-Western,2050,1993,228624
Dang,Rapti,Terai,Mid-Western,2056,1999,245322
Dang,Rapti,Terai,Mid-Western,2057,2000,266504
Dang,Rapti,Terai,Mid-Western,2058,2001,271586
Dang,Rapti,Terai,Mid-Western,2059,2002,273014
Dang,Rapti,Terai,Mid-Western,2060,2003,276381
Dang,Rapti,Terai,Mid-Western,2061,2004,278408
Dang,Rapti,Terai,Mid-Western,2062,2005,280453
Dang,Rapti,Terai,Mid-Western,2063,2006,358860
Dolpa,Karnali,Mountain,Mid-Western,2047,1990,16528
Dolpa,Karnali,Mountain,Mid-Western,2050,1993,17291
Dolpa,Karnali,Mountain,Mid-Western,2056,1999,18659
Dolpa,Karnali,Mountain,Mid-Western,2057,2000,19238
Dolpa,Karnali,Mountain,Mid-Western,2058,2001,19506
Dolpa,Karnali,Mountain,Mid-Western,2059,2002,19474
Dolpa,Karnali,Mountain,Mid-Western,2060,2003,19670
Dolpa,Karnali,Mountain,Mid-Western,2061,2004,19642
Dolpa,Karnali,Mountain,Mid-Western,2062,2005,19755
Dolpa,Karnali,Mountain,Mid-Western,2063,2006,21932
Mugu,Karnali,Mountain,Mid-Western,2047,1990,24063
Mugu,Karnali,Mountain,Mid-Western,2050,1993,25290
Mugu,Karnali,Mountain,Mid-Western,2056,1999,29296
Mugu,Karnali,Mountain,Mid-Western,2057,2000,30484
Mugu,Karnali,Mountain,Mid-Western,2058,2001,30750
Mugu,Karnali,Mountain,Mid-Western,2059,2002,30790
Mugu,Karnali,Mountain,Mid-Western,2060,2003,30969
Mugu,Karnali,Mountain,Mid-Western,2061,2004,30806
Mugu,Karnali,Mountain,Mid-Western,2062,2005,31446
Mugu,Karnali,Mountain,Mid-Western,2063,2006,33720
Jumla,Karnali,Mountain,Mid-Western,2047,1990,44520
Jumla,Karnali,Mountain,Mid-Western,2050,1993,46159
Jumla,Karnali,Mountain,Mid-Western,2056,1999,52220
Jumla,Karnali,Mountain,Mid-Western,2057,2000,54104
Jumla,Karnali,Mountain,Mid-Western,2058,2001,54793
Jumla,Karnali,Mountain,Mid-Western,2059,2002,56313
Jumla,Karnali,Mountain,Mid-Western,2060,2003,55597
Jumla,Karnali,Mountain,Mid-Western,2061,2004,55491
Jumla,Karnali,Mountain,Mid-Western,2062,2005,56499
Jumla,Karnali,Mountain,Mid-Western,2063,2006,61868
Kalikot,Karnali,Mountain,Mid-Western,2047,1990,57918
Kalikot,Karnali,Mountain,Mid-Western,2050,1993,61087
Kalikot,Karnali,Mountain,Mid-Western,2056,1999,67498
Kalikot,Karnali,Mountain,Mid-Western,2057,2000,68037
Kalikot,Karnali,Mountain,Mid-Western,2058,2001,68092
Kalikot,Karnali,Mountain,Mid-Western,2059,2002,67333
Kalikot,Karnali,Mountain,Mid-Western,2060,2003,67194
Kalikot,Karnali,Mountain,Mid-Western,2061,2004,66914
Kalikot,Karnali,Mountain,Mid-Western,2062,2005,67316
Kalikot,Karnali,Mountain,Mid-Western,2063,2006,80252
Humla,Karnali,Mountain,Mid-Western,2047,1990,23260
Humla,Karnali,Mountain,Mid-Western,2050,1993,25849
Humla,Karnali,Mountain,Mid-Western,2056,1999,28375
Humla,Karnali,Mountain,Mid-Western,2057,2000,28249
Humla,Karnali,Mountain,Mid-Western,2058,2001,28410
Humla,Karnali,Mountain,Mid-Western,2059,2002,28353
Humla,Karnali,Mountain,Mid-Western,2060,2003,28165
Humla,Karnali,Mountain,Mid-Western,2061,2004,27902
Humla,Karnali,Mountain,Mid-Western,2062,2005,27908
Humla,Karnali,Mountain,Mid-Western,2063,2006,30089
Jajarkot,Bheri,Hill,Mid-Western,2047,1990,67381
Jajarkot,Bheri,Hill,Mid-Western,2050,1993,75721
Jajarkot,Bheri,Hill,Mid-Western,2056,1999,77583
Jajarkot,Bheri,Hill,Mid-Western,2057,2000,82565
Jajarkot,Bheri,Hill,Mid-Western,2058,2001,82994
Jajarkot,Bheri,Hill,Mid-Western,2059,2002,82825
Jajarkot,Bheri,Hill,Mid-Western,2060,2003,83638
Jajarkot,Bheri,Hill,Mid-Western,2061,2004,83404
Jajarkot,Bheri,Hill,Mid-Western,2062,2005,84385
Jajarkot,Bheri,Hill,Mid-Western,2063,2006,97304
Dailekh,Bheri,Hill,Mid-Western,2047,1990,107538
Dailekh,Bheri,Hill,Mid-Western,2050,1993,117935
Dailekh,Bheri,Hill,Mid-Western,2056,1999,132955
Dailekh,Bheri,Hill,Mid-Western,2057,2000,139363
Dailekh,Bheri,Hill,Mid-Western,2058,2001,142640
Dailekh,Bheri,Hill,Mid-Western,2059,2002,144325
Dailekh,Bheri,Hill,Mid-Western,2060,2003,147946
Dailekh,Bheri,Hill,Mid-Western,2061,2004,149316
Dailekh,Bheri,Hill,Mid-Western,2062,2005,152549
Dailekh,Bheri,Hill,Mid-Western,2063,2006,167786
Surkhet,Bheri,Hill,Mid-Western,2047,1990,119939
Surkhet,Bheri,Hill,Mid-Western,2050,1993,149809
Surkhet,Bheri,Hill,Mid-Western,2056,1999,152702
Surkhet,Bheri,Hill,Mid-Western,2057,2000,161289
Surkhet,Bheri,Hill,Mid-Western,2058,2001,163180
Surkhet,Bheri,Hill,Mid-Western,2059,2002,166323
Surkhet,Bheri,Hill,Mid-Western,2060,2003,171680
Surkhet,Bheri,Hill,Mid-Western,2061,2004,172969
Surkhet,Bheri,Hill,Mid-Western,2062,2005,176305
Surkhet,Bheri,Hill,Mid-Western,2063,2006,214183
Banke,Bheri,Terai,Mid-Western,2047,1990,159525
Banke,Bheri,Terai,Mid-Western,2050,1993,176488
Banke,Bheri,Terai,Mid-Western,2056,1999,181096
Banke,Bheri,Terai,Mid-Western,2057,2000,186533
Banke,Bheri,Terai,Mid-Western,2058,2001,194222
Banke,Bheri,Terai,Mid-Western,2059,2002,195149
Banke,Bheri,Terai,Mid-Western,2060,2003,198351
Banke,Bheri,Terai,Mid-Western,2061,2004,200614
Banke,Bheri,Terai,Mid-Western,2062,2005,203162
Banke,Bheri,Terai,Mid-Western,2063,2006,253622
Bardiya,Bheri,Terai,Mid-Western,2047,1990,143084
Bardiya,Bheri,Terai,Mid-Western,2050,1993,167372
Bardiya,Bheri,Terai,Mid-Western,2056,1999,188258
Bardiya,Bheri,Terai,Mid-Western,2057,2000,199315
Bardiya,Bheri,Terai,Mid-Western,2058,2001,204319
Bardiya,Bheri,Terai,Mid-Western,2059,2002,205794
Bardiya,Bheri,Terai,Mid-Western,2060,2003,209561
Bardiya,Bheri,Terai,Mid-Western,2061,2004,210140
Bardiya,Bheri,Terai,Mid-Western,2062,2005,211501
Bardiya,Bheri,Terai,Mid-Western,2063,2006,274180
Bajura,Seti,Mountain,Far-Western,2047,1990,57580
Bajura,Seti,Mountain,Far-Western,2050,1993,61637
Bajura,Seti,Mountain,Far-Western,2056,1999,71670
Bajura,Seti,Mountain,Far-Western,2057,2000,72962
Bajura,Seti,Mountain,Far-Western,2058,2001,73385
Bajura,Seti,Mountain,Far-Western,2059,2002,73408
Bajura,Seti,Mountain,Far-Western,2060,2003,73703
Bajura,Seti,Mountain,Far-Western,2061,2004,73121
Bajura,Seti,Mountain,Far-Western,2062,2005,73780
Bajura,Seti,Mountain,Far-Western,2063,2006,80721
Achham,Seti,Hill,Far-Western,2047,1990,141604
Achham,Seti,Hill,Far-Western,2050,1993,152713
Achham,Seti,Hill,Far-Western,2056,1999,166195
Achham,Seti,Hill,Far-Western,2057,2000,176221
Achham,Seti,Hill,Far-Western,2058,2001,179147
Achham,Seti,Hill,Far-Western,2059,2002,179135
Achham,Seti,Hill,Far-Western,2060,2003,177318
Achham,Seti,Hill,Far-Western,2061,2004,176619
Achham,Seti,Hill,Far-Western,2062,2005,177288
Achham,Seti,Hill,Far-Western,2063,2006,192856
Bajhang,Seti,Mountain,Far-Western,2047,1990,89546
Bajhang,Seti,Mountain,Far-Western,2050,1993,96458
Bajhang,Seti,Mountain,Far-Western,2056,1999,107266
Bajhang,Seti,Mountain,Far-Western,2057,2000,111730
Bajhang,Seti,Mountain,Far-Western,2058,2001,112582
Bajhang,Seti,Mountain,Far-Western,2059,2002,113423
Bajhang,Seti,Mountain,Far-Western,2060,2003,115027
Bajhang,Seti,Mountain,Far-Western,2061,2004,115309
Bajhang,Seti,Mountain,Far-Western,2062,2005,117106
Bajhang,Seti,Mountain,Far-Western,2063,2006,129719
Doti,Seti,Hill,Far-Western,2047,1990,103256
Doti,Seti,Hill,Far-Western,2050,1993,112593
Doti,Seti,Hill,Far-Western,2056,1999,120409
Doti,Seti,Hill,Far-Western,2057,2000,127950
Doti,Seti,Hill,Far-Western,2058,2001,130608
Doti,Seti,Hill,Far-Western,2059,2002,132553
Doti,Seti,Hill,Far-Western,2060,2003,135310
Doti,Seti,Hill,Far-Western,2061,2004,135410
Doti,Seti,Hill,Far-Western,2062,2005,136735
Doti,Seti,Hill,Far-Western,2063,2006,145969
Kailali,Seti,Terai,Far-Western,2047,1990,206382
Kailali,Seti,Terai,Far-Western,2050,1993,236049
Kailali,Seti,Terai,Far-Western,2056,1999,300305
Kailali,Seti,Terai,Far-Western,2057,2000,327784
Kailali,Seti,Terai,Far-Western,2058,2001,348351
Kailali,Seti,Terai,Far-Western,2059,2002,353264
Kailali,Seti,Terai,Far-Western,2060,2003,370248
Kailali,Seti,Terai,Far-Western,2061,2004,385703
Kailali,Seti,Terai,Far-Western,2062,2005,399907
Kailali,Seti,Terai,Far-Western,2063,2006,475436
Darchaula,Mahakali,Mountain,Far-Western,2047,1990,60398
Darchaula,Mahakali,Mountain,Far-Western,2050,1993,66398
Darchaula,Mahakali,Mountain,Far-Western,2056,1999,71283
Darchaula,Mahakali,Mountain,Far-Western,2057,2000,73953
Darchaula,Mahakali,Mountain,Far-Western,2058,2001,75474
Darchaula,Mahakali,Mountain,Far-Western,2059,2002,75820
Darchaula,Mahakali,Mountain,Far-Western,2060,2003,76992
Darchaula,Mahakali,Mountain,Far-Western,2061,2004,77556
Darchaula,Mahakali,Mountain,Far-Western,2062,2005,79142
Darchaula,Mahakali,Mountain,Far-Western,2063,2006,86661
Baitadi,Mahakali,Hill,Far-Western,2047,1990,125012
Baitadi,Mahakali,Hill,Far-Western,2050,1993,131070
Baitadi,Mahakali,Hill,Far-Western,2056,1999,134630
Baitadi,Mahakali,Hill,Far-Western,2057,2000,140833
Baitadi,Mahakali,Hill,Far-Western,2058,2001,144115
Baitadi,Mahakali,Hill,Far-Western,2059,2002,145623
Baitadi,Mahakali,Hill,Far-Western,2060,2003,148446
Baitadi,Mahakali,Hill,Far-Western,2061,2004,149218
Baitadi,Mahakali,Hill,Far-Western,2062,2005,151128
Baitadi,Mahakali,Hill,Far-Western,2063,2006,171212
Dadeldhura,Mahakali,Hill,Far-Western,2047,1990,75078
Dadeldhura,Mahakali,Hill,Far-Western,2050,1993,78583
Dadeldhura,Mahakali,Hill,Far-Western,2056,1999,75938
Dadeldhura,Mahakali,Hill,Far-Western,2057,2000,78705
Dadeldhura,Mahakali,Hill,Far-Western,2058,2001,81888
Dadeldhura,Mahakali,Hill,Far-Western,2059,2002,83245
Dadeldhura,Mahakali,Hill,Far-Western,2060,2003,84740
Dadeldhura,Mahakali,Hill,Far-Western,2061,2004,85614
Dadeldhura,Mahakali,Hill,Far-Western,2062,2005,86699
Dadeldhura,Mahakali,Hill,Far-Western,2063,2006,100407
Kanchanpur,Mahakali,Terai,Far-Western,2047,1990,130778
Kanchanpur,Mahakali,Terai,Far-Western,2050,1993,151557
Kanchanpur,Mahakali,Terai,Far-Western,2056,1999,183913
Kanchanpur,Mahakali,Terai,Far-Western,2057,2000,198955
Kanchanpur,Mahakali,Terai,Far-Western,2058,2001,206460
Kanchanpur,Mahakali,Terai,Far-Western,2059,2002,205785
Kanchanpur,Mahakali,Terai,Far-Western,2060,2003,213119
Kanchanpur,Mahakali,Terai,Far-Western,2061,2004,215656
Kanchanpur,Mahakali,Terai,Far-Western,2062,2005,219354
Kanchanpur,Mahakali,Terai,Far-Western,2063,2006,284319
